Start year,End year,"Faster-warming Northwest Territories areas, 95th percentile (°C/decade)",Compared with global surface,Compared with global land,Compared with southern Canada,Compared with rest of Canada,Global surface rate (°C/decade),Global land rate (°C/decade),Southern Canada rate (°C/decade),Rest of Canada rate (°C/decade),Grid-cell percentile used
1940,2025,0.36219493473265923,2.5× faster,1.6× faster,1.6× faster,1.6× faster,0.14205275095479414,0.22083536736900722,0.21993530591754018,0.23300579910789038,95
1950,2025,0.4866650513034746,3.0× faster,1.9× faster,1.7× faster,1.6× faster,0.1648486220011619,0.2570259324213248,0.28037184696952794,0.30783637199421643,95
1960,2025,0.5688555002008339,3.0× faster,2.0× faster,1.7× faster,1.6× faster,0.1874950696370267,0.2897269249773123,0.32623113453381847,0.3630625906548526,95
1970,2025,0.6775109886440015,3.2× faster,2.1× faster,1.8× faster,1.6× faster,0.2128004446215391,0.3280053462325782,0.37730535263225723,0.4284884671324073,95
1980,2025,0.761379575585437,3.6× faster,2.3× faster,2.2× faster,1.9× faster,0.213408810851062,0.33435335191360577,0.345252011259643,0.4115433921836178,95
1990,2025,0.8026145733848598,3.2× faster,2.1× faster,1.9× faster,1.6× faster,0.24744032825905288,0.3762561489730054,0.4264284414742858,0.4972086611384779,95
