Start year,End year,Fastest-warming areas in Nunavut,Compared with global average,Compared with global land,Compared with southern Canada,Compared with rest of Canada,Global average rate (°C/decade),Global land rate (°C/decade),Southern Canada rate (°C/decade),Rest of Canada rate (°C/decade),Grid-cell percentile used
1940,2025,0.4131630074872304,2.9× faster,1.9× faster,1.9× faster,1.8× faster,0.14205275095479414,0.22083536736900722,0.2193122683420462,0.2322010488960316,95
1950,2025,0.5267781911299778,3.2× faster,2.0× faster,1.9× faster,1.7× faster,0.1648486220011619,0.2570259324213248,0.27998263908547416,0.30269941280463747,95
1960,2025,0.5897161689852165,3.1× faster,2.0× faster,1.8× faster,1.7× faster,0.1874950696370267,0.2897269249773123,0.325175709998213,0.35252719439234814,95
1970,2025,0.7151606051441719,3.4× faster,2.2× faster,1.9× faster,1.8× faster,0.2128004446215391,0.3280053462325782,0.37545557482245295,0.3961133330114513,95
1980,2025,0.7853166218078343,3.7× faster,2.3× faster,2.3× faster,2.1× faster,0.213408810851062,0.33435335191360577,0.34295504704595253,0.36878252359730157,95
1990,2025,0.9455194145244014,3.8× faster,2.5× faster,2.2× faster,2.1× faster,0.24744032825905288,0.3762561489730054,0.4239276655602184,0.4481881679184929,95
