Start year,End year,Nunavut warming rate (°C/decade),Compared with global surface,Compared with global land,Compared with southern Canada,Compared with rest of Canada,Global surface rate (°C/decade),Global land rate (°C/decade),Southern Canada rate (°C/decade),Rest of Canada rate (°C/decade)
1940,2025,0.25233280393337326,1.8× faster,1.1× faster,1.1× faster,1.1× faster,0.14205275095479414,0.22083536736900722,0.21993530591754018,0.23282329528413528
1950,2025,0.36159749381832357,2.2× faster,1.4× faster,1.3× faster,1.2× faster,0.1648486220011619,0.2570259324213248,0.28037184696952794,0.3035428385719346
1960,2025,0.4433644010075117,2.4× faster,1.5× faster,1.4× faster,1.3× faster,0.1874950696370267,0.2897269249773123,0.32623113453381847,0.35396197247538336
1970,2025,0.5686683430636049,2.7× faster,1.7× faster,1.5× faster,1.4× faster,0.2128004446215391,0.3280053462325782,0.37730535263225723,0.39782479839435325
1980,2025,0.6075668915725149,2.8× faster,1.8× faster,1.8× faster,1.6× faster,0.213408810851062,0.33435335191360577,0.345252011259643,0.370936311527544
1990,2025,0.7014029043969744,2.8× faster,1.9× faster,1.6× faster,1.6× faster,0.24744032825905288,0.3762561489730054,0.4264284414742858,0.4502856065632288
