Start year,End year,Nunavut warming rate (°C/decade),Compared with global average,Compared with global land,Compared with southern Canada,Compared with rest of Canada,Global average rate (°C/decade),Global land rate (°C/decade),Southern Canada rate (°C/decade),Rest of Canada rate (°C/decade)
1940,2025,0.2526970381045327,1.8× faster,1.1× faster,1.2× faster,1.1× faster,0.14205275095479414,0.22083536736900722,0.2193122683420462,0.2322010488960316
1950,2025,0.3620380503019413,2.2× faster,1.4× faster,1.3× faster,1.2× faster,0.1648486220011619,0.2570259324213248,0.27998263908547416,0.30269941280463747
1960,2025,0.4439696198017137,2.4× faster,1.5× faster,1.4× faster,1.3× faster,0.1874950696370267,0.2897269249773123,0.325175709998213,0.35252719439234814
1970,2025,0.5696655915141441,2.7× faster,1.7× faster,1.5× faster,1.4× faster,0.2128004446215391,0.3280053462325782,0.37545557482245295,0.3961133330114513
1980,2025,0.6089280076697487,2.9× faster,1.8× faster,1.8× faster,1.7× faster,0.213408810851062,0.33435335191360577,0.34295504704595253,0.36878252359730157
1990,2025,0.702542492031688,2.8× faster,1.9× faster,1.7× faster,1.6× faster,0.24744032825905288,0.3762561489730054,0.4239276655602184,0.4481881679184929
