Start year,End year,Yukon warming rate (°C/decade),Compared with global surface,Compared with global land,Compared with southern Canada,Compared with rest of Canada,Global surface rate (°C/decade),Global land rate (°C/decade),Southern Canada rate (°C/decade),Rest of Canada rate (°C/decade)
1940,2025,0.31029388630822885,2.2× faster,1.4× faster,1.4× faster,1.3× faster,0.14205275095479414,0.22083536736900722,0.21993530591754018,0.23297584060991267
1950,2025,0.4160873639224343,2.5× faster,1.6× faster,1.5× faster,1.3× faster,0.1648486220011619,0.2570259324213248,0.28037184696952794,0.3102699043931463
1960,2025,0.47444456908313776,2.5× faster,1.6× faster,1.5× faster,1.3× faster,0.1874950696370267,0.2897269249773123,0.32623113453381847,0.36713049131402
1970,2025,0.46554722001965426,2.2× faster,1.4× faster,1.2× faster,1.1× faster,0.2128004446215391,0.3280053462325782,0.37730535263225723,0.4316298167090021
1980,2025,0.39997370264427873,1.9× faster,1.2× faster,1.2× faster,1.1× slower,0.213408810851062,0.33435335191360577,0.345252011259643,0.42120205413472944
1990,2025,0.5058685202470122,2.0× faster,1.3× faster,1.2× faster,1.0× faster,0.24744032825905288,0.3762561489730054,0.4264284414742858,0.5023117864255093
